Country,Motor energy,Year,New cars
Albania,Diesel,2022,36189
Albania,Diesel,2021,42736
Albania,Diesel,2020,32906
Albania,Diesel,2019,33041
Albania,Diesel,2018,0
Albania,Diesel,2017,0
Albania,Diesel,2016,0
Albania,Diesel,2015,0
Albania,Diesel,2014,0
Albania,Diesel,2013,0
Albania,Electricity,2022,624
Albania,Electricity,2021,262
Albania,Electricity,2020,239
Albania,Electricity,2019,24
Albania,Electricity,2018,0
Albania,Electricity,2017,0
Albania,Electricity,2016,0
Albania,Electricity,2015,0
Albania,Electricity,2014,0
Albania,Electricity,2013,0
Albania,Hybrid,2022,862
Albania,Hybrid,2021,601
Albania,Hybrid,2020,240
Albania,Hybrid,2019,157
Albania,Hybrid,2018,0
Albania,Hybrid,2017,0
Albania,Hybrid,2016,0
Albania,Hybrid,2015,0
Albania,Hybrid,2014,0
Albania,Hybrid,2013,0
Albania,LPG,2022,58
Albania,LPG,2021,130
Albania,LPG,2020,133
Albania,LPG,2019,49
Albania,LPG,2018,0
Albania,LPG,2017,0
Albania,LPG,2016,0
Albania,LPG,2015,0
Albania,LPG,2014,0
Albania,LPG,2013,0
Albania,Other,2022,3432
Albania,Other,2021,5311
Albania,Other,2020,4563
Albania,Other,2019,3684
Albania,Other,2018,0
Albania,Other,2017,0
Albania,Other,2016,0
Albania,Other,2015,0
Albania,Other,2014,0
Albania,Other,2013,0
Albania,Petrol,2022,8294
Albania,Petrol,2021,9168
Albania,Petrol,2020,5580
Albania,Petrol,2019,5726
Albania,Petrol,2018,0
Albania,Petrol,2017,0
Albania,Petrol,2016,0
Albania,Petrol,2015,0
Albania,Petrol,2014,0
Albania,Petrol,2013,0
Austria,Diesel,2022,48115
Austria,Diesel,2021,58263
Austria,Diesel,2020,90909
Austria,Diesel,2019,126311
Austria,Diesel,2018,140111
Austria,Diesel,2017,175458
Austria,Diesel,2016,188820
Austria,Diesel,2015,179822
Austria,Diesel,2014,172381
Austria,Diesel,2013,180901
Austria,Electricity,2022,34165
Austria,Electricity,2021,33366
Austria,Electricity,2020,15972
Austria,Electricity,2019,9242
Austria,Electricity,2018,6757
Austria,Electricity,2017,5433
Austria,Electricity,2016,3826
Austria,Electricity,2015,1677
Austria,Electricity,2014,1281
Austria,Electricity,2013,654
Austria,Hybrid,2022,40858
Austria,Hybrid,2021,41970
Austria,Hybrid,2020,26026
Austria,Hybrid,2019,14349
Austria,Hybrid,2018,7143
Austria,Hybrid,2017,6572
Austria,Hybrid,2016,3474
Austria,Hybrid,2015,2411
Austria,Hybrid,2014,1926
Austria,Hybrid,2013,2389
Austria,LPG,2022,0
Austria,LPG,2021,0
Austria,LPG,2020,0
Austria,LPG,2019,0
Austria,LPG,2018,0
Austria,LPG,2017,0
Austria,LPG,2016,0
Austria,LPG,2015,0
Austria,LPG,2014,0
Austria,LPG,2013,0
Austria,Other,2022,13345
Austria,Other,2021,14726
Austria,Other,2020,8062
Austria,Other,2019,2755
Austria,Other,2018,2907
Austria,Other,2017,2156
Austria,Other,2016,1728
Austria,Other,2015,1813
Austria,Other,2014,1227
Austria,Other,2013,815
Austria,Petrol,2022,78567
Austria,Petrol,2021,91478
Austria,Petrol,2020,107771
Austria,Petrol,2019,176706
Austria,Petrol,2018,184150
Austria,Petrol,2017,163701
Austria,Petrol,2016,131756
Austria,Petrol,2015,122832
Austria,Petrol,2014,126503
Austria,Petrol,2013,134276
Belgium,Diesel,2022,54759
Belgium,Diesel,2021,82566
Belgium,Diesel,2020,137015
Belgium,Diesel,2019,173704
Belgium,Diesel,2018,201023
Belgium,Diesel,2017,258956
Belgium,Diesel,2016,284352
Belgium,Diesel,2015,303345
Belgium,Diesel,2014,303212
Belgium,Diesel,2013,318951
Belgium,Electricity,2022,37760
Belgium,Electricity,2021,22774
Belgium,Electricity,2020,15044
Belgium,Electricity,2019,8892
Belgium,Electricity,2018,3763
Belgium,Electricity,2017,2717
Belgium,Electricity,2016,2061
Belgium,Electricity,2015,1360
Belgium,Electricity,2014,1167
Belgium,Electricity,2013,501
Belgium,Hybrid,2022,133184
Belgium,Hybrid,2021,115317
Belgium,Hybrid,2020,71457
Belgium,Hybrid,2019,35010
Belgium,Hybrid,2018,24759
Belgium,Hybrid,2017,24292
Belgium,Hybrid,2016,16993
Belgium,Hybrid,2015,10845
Belgium,Hybrid,2014,8326
Belgium,Hybrid,2013,5832
Belgium,LPG,2022,0
Belgium,LPG,2021,0
Belgium,LPG,2020,0
Belgium,LPG,2019,0
Belgium,LPG,2018,1
Belgium,LPG,2017,2
Belgium,LPG,2016,4
Belgium,LPG,2015,5
Belgium,LPG,2014,0
Belgium,LPG,2013,0
Belgium,Other,2022,2896
Belgium,Other,2021,3093
Belgium,Other,2020,3876
Belgium,Other,2019,3633
Belgium,Other,2018,3762
Belgium,Other,2017,2699
Belgium,Other,2016,2348
Belgium,Other,2015,782
Belgium,Other,2014,1067
Belgium,Other,2013,340
Belgium,Petrol,2022,145998
Belgium,Petrol,2021,169019
Belgium,Petrol,2020,211646
Belgium,Petrol,2019,336731
Belgium,Petrol,2018,323774
Belgium,Petrol,2017,265026
Belgium,Petrol,2016,240384
Belgium,Petrol,2015,189947
Belgium,Petrol,2014,173939
Belgium,Petrol,2013,164745
Bosnia and Herzegovina,Diesel,2022,2948
Bosnia and Herzegovina,Diesel,2021,3363
Bosnia and Herzegovina,Diesel,2020,3473
Bosnia and Herzegovina,Diesel,2019,4674
Bosnia and Herzegovina,Diesel,2018,2363
Bosnia and Herzegovina,Diesel,2017,5123
Bosnia and Herzegovina,Diesel,2016,4930
Bosnia and Herzegovina,Diesel,2015,3835
Bosnia and Herzegovina,Diesel,2014,4096
Bosnia and Herzegovina,Diesel,2013,4049
Bosnia and Herzegovina,Electricity,2022,33
Bosnia and Herzegovina,Electricity,2021,28
Bosnia and Herzegovina,Electricity,2020,8
Bosnia and Herzegovina,Electricity,2019,13
Bosnia and Herzegovina,Electricity,2018,2
Bosnia and Herzegovina,Electricity,2017,7
Bosnia and Herzegovina,Electricity,2016,0
Bosnia and Herzegovina,Electricity,2015,1
Bosnia and Herzegovina,Electricity,2014,0
Bosnia and Herzegovina,Electricity,2013,0
Bosnia and Herzegovina,Hybrid,2022,565
Bosnia and Herzegovina,Hybrid,2021,337
Bosnia and Herzegovina,Hybrid,2020,159
Bosnia and Herzegovina,Hybrid,2019,202
Bosnia and Herzegovina,Hybrid,2018,55
Bosnia and Herzegovina,Hybrid,2017,136
Bosnia and Herzegovina,Hybrid,2016,58
Bosnia and Herzegovina,Hybrid,2015,2
Bosnia and Herzegovina,Hybrid,2014,3
Bosnia and Herzegovina,Hybrid,2013,0
Bosnia and Herzegovina,LPG,2022,0
Bosnia and Herzegovina,LPG,2021,1
Bosnia and Herzegovina,LPG,2020,0
Bosnia and Herzegovina,LPG,2019,0
Bosnia and Herzegovina,LPG,2018,0
Bosnia and Herzegovina,LPG,2017,0
Bosnia and Herzegovina,LPG,2016,0
Bosnia and Herzegovina,LPG,2015,0
Bosnia and Herzegovina,LPG,2014,0
Bosnia and Herzegovina,LPG,2013,0
Bosnia and Herzegovina,Other,2022,267
Bosnia and Herzegovina,Other,2021,200
Bosnia and Herzegovina,Other,2020,65
Bosnia and Herzegovina,Other,2019,124
Bosnia and Herzegovina,Other,2018,39
Bosnia and Herzegovina,Other,2017,129
Bosnia and Herzegovina,Other,2016,141
Bosnia and Herzegovina,Other,2015,48
Bosnia and Herzegovina,Other,2014,46
Bosnia and Herzegovina,Other,2013,39
Bosnia and Herzegovina,Petrol,2022,4154
Bosnia and Herzegovina,Petrol,2021,3408
Bosnia and Herzegovina,Petrol,2020,2800
Bosnia and Herzegovina,Petrol,2019,3667
Bosnia and Herzegovina,Petrol,2018,1356
Bosnia and Herzegovina,Petrol,2017,2769
Bosnia and Herzegovina,Petrol,2016,2321
Bosnia and Herzegovina,Petrol,2015,1823
Bosnia and Herzegovina,Petrol,2014,1831
Bosnia and Herzegovina,Petrol,2013,1967
Bulgaria,Electricity,2022,0
Bulgaria,Electricity,2021,23
Bulgaria,Electricity,2020,0
Bulgaria,Electricity,2019,0
Bulgaria,Electricity,2018,0
Bulgaria,Electricity,2017,0
Bulgaria,Electricity,2016,0
Bulgaria,Electricity,2015,0
Bulgaria,Electricity,2014,0
Bulgaria,Electricity,2013,0
Bulgaria,Hybrid,2022,0
Bulgaria,Hybrid,2021,0
Bulgaria,Hybrid,2020,0
Bulgaria,Hybrid,2019,0
Bulgaria,Hybrid,2018,0
Bulgaria,Hybrid,2017,0
Bulgaria,Hybrid,2016,0
Bulgaria,Hybrid,2015,0
Bulgaria,Hybrid,2014,0
Bulgaria,Hybrid,2013,0
Bulgaria,Other,2022,0
Bulgaria,Other,2021,0
Bulgaria,Other,2020,0
Bulgaria,Other,2019,0
Bulgaria,Other,2018,0
Bulgaria,Other,2017,0
Bulgaria,Other,2016,0
Bulgaria,Other,2015,0
Bulgaria,Other,2014,0
Bulgaria,Other,2013,0
Croatia,Diesel,2022,7788
Croatia,Diesel,2021,8904
Croatia,Diesel,2020,62972
Croatia,Diesel,2019,98343
Croatia,Diesel,2018,97276
Croatia,Diesel,2017,71385
Croatia,Diesel,2016,74421
Croatia,Diesel,2015,56807
Croatia,Diesel,2014,0
Croatia,Diesel,2013,0
Croatia,Electricity,2022,1062
Croatia,Electricity,2021,1121
Croatia,Electricity,2020,639
Croatia,Electricity,2019,279
Croatia,Electricity,2018,182
Croatia,Electricity,2017,55
Croatia,Electricity,2016,66
Croatia,Electricity,2015,80
Croatia,Electricity,2014,47
Croatia,Electricity,2013,3
Croatia,Hybrid,2022,6780
Croatia,Hybrid,2021,0
Croatia,Hybrid,2020,0
Croatia,Hybrid,2019,0
Croatia,Hybrid,2018,0
Croatia,Hybrid,2017,0
Croatia,Hybrid,2016,0
Croatia,Hybrid,2015,0
Croatia,Hybrid,2014,0
Croatia,Hybrid,2013,0
Croatia,LPG,2022,1
Croatia,LPG,2021,1
Croatia,LPG,2020,1
Croatia,LPG,2019,0
Croatia,LPG,2018,0
Croatia,LPG,2017,0
Croatia,LPG,2016,2
Croatia,LPG,2015,0
Croatia,LPG,2014,491
Croatia,LPG,2013,166
Croatia,Other,2022,2264
Croatia,Other,2021,1794
Croatia,Other,2020,3886
Croatia,Other,2019,3062
Croatia,Other,2018,2222
Croatia,Other,2017,1487
Croatia,Other,2016,1476
Croatia,Other,2015,983
Croatia,Other,2014,433
Croatia,Other,2013,103
Croatia,Petrol,2022,19149
Croatia,Petrol,2021,23426
Croatia,Petrol,2020,28079
Croatia,Petrol,2019,47453
Croatia,Petrol,2018,40964
Croatia,Petrol,2017,20875
Croatia,Petrol,2016,20490
Croatia,Petrol,2015,16311
Croatia,Petrol,2014,0
Croatia,Petrol,2013,0
Cyprus,Diesel,2022,541
Cyprus,Diesel,2021,1460
Cyprus,Diesel,2020,3065
Cyprus,Diesel,2019,4532
Cyprus,Diesel,2018,5264
Cyprus,Diesel,2017,5450
Cyprus,Diesel,2016,5327
Cyprus,Diesel,2015,4157
Cyprus,Diesel,2014,3184
Cyprus,Diesel,2013,1255
Cyprus,Electricity,2022,401
Cyprus,Electricity,2021,78
Cyprus,Electricity,2020,42
Cyprus,Electricity,2019,58
Cyprus,Electricity,2018,5
Cyprus,Electricity,2017,18
Cyprus,Electricity,2016,7
Cyprus,Electricity,2015,4
Cyprus,Electricity,2014,1
Cyprus,Electricity,2013,8
Cyprus,Hybrid,2022,4253
Cyprus,Hybrid,2021,3074
Cyprus,Hybrid,2020,1424
Cyprus,Hybrid,2019,1052
Cyprus,Hybrid,2018,983
Cyprus,Hybrid,2017,759
Cyprus,Hybrid,2016,381
Cyprus,Hybrid,2015,202
Cyprus,Hybrid,2014,108
Cyprus,Hybrid,2013,84
Cyprus,LPG,2022,0
Cyprus,LPG,2021,0
Cyprus,LPG,2020,0
Cyprus,LPG,2019,0
Cyprus,LPG,2018,0
Cyprus,LPG,2017,0
Cyprus,LPG,2016,0
Cyprus,LPG,2015,0
Cyprus,LPG,2014,0
Cyprus,LPG,2013,0
Cyprus,Other,2022,2
Cyprus,Other,2021,2
Cyprus,Other,2020,0
Cyprus,Other,2019,0
Cyprus,Other,2018,0
Cyprus,Other,2017,0
Cyprus,Other,2016,0
Cyprus,Other,2015,0
Cyprus,Other,2014,0
Cyprus,Other,2013,0
Cyprus,Petrol,2022,6380
Cyprus,Petrol,2021,5997
Cyprus,Petrol,2020,5706
Cyprus,Petrol,2019,6959
Cyprus,Petrol,2018,6874
Cyprus,Petrol,2017,6891
Cyprus,Petrol,2016,6753
Cyprus,Petrol,2015,5715
Cyprus,Petrol,2014,4978
Cyprus,Petrol,2013,5700
Czechia,Diesel,2022,45786
Czechia,Diesel,2021,56111
Czechia,Diesel,2020,0
Czechia,Diesel,2019,0
Czechia,Diesel,2018,0
Czechia,Diesel,2017,0
Czechia,Diesel,2016,0
Czechia,Diesel,2015,0
Czechia,Diesel,2014,0
Czechia,Diesel,2013,0
Czechia,Electricity,2022,3786
Czechia,Electricity,2021,3172
Czechia,Electricity,2020,0
Czechia,Electricity,2019,0
Czechia,Electricity,2018,0
Czechia,Electricity,2017,0
Czechia,Electricity,2016,0
Czechia,Electricity,2015,0
Czechia,Electricity,2014,0
Czechia,Electricity,2013,0
Czechia,Hybrid,2022,3583
Czechia,Hybrid,2021,3900
Czechia,Hybrid,2020,0
Czechia,Hybrid,2019,0
Czechia,Hybrid,2018,0
Czechia,Hybrid,2017,0
Czechia,Hybrid,2016,0
Czechia,Hybrid,2015,0
Czechia,Hybrid,2014,0
Czechia,Hybrid,2013,0
Czechia,LPG,2022,3991
Czechia,LPG,2021,0
Czechia,LPG,2020,0
Czechia,LPG,2019,0
Czechia,LPG,2018,0
Czechia,LPG,2017,0
Czechia,LPG,2016,0
Czechia,LPG,2015,0
Czechia,LPG,2014,0
Czechia,LPG,2013,0
Czechia,Other,2022,807
Czechia,Other,2021,3554
Czechia,Other,2020,0
Czechia,Other,2019,0
Czechia,Other,2018,0
Czechia,Other,2017,0
Czechia,Other,2016,0
Czechia,Other,2015,0
Czechia,Other,2014,0
Czechia,Other,2013,0
Czechia,Petrol,2022,119663
Czechia,Petrol,2021,138660
Czechia,Petrol,2020,0
Czechia,Petrol,2019,0
Czechia,Petrol,2018,0
Czechia,Petrol,2017,0
Czechia,Petrol,2016,0
Czechia,Petrol,2015,0
Czechia,Petrol,2014,0
Czechia,Petrol,2013,0
Denmark,Diesel,2022,16592
Denmark,Diesel,2021,25520
Denmark,Diesel,2020,45807
Denmark,Diesel,2019,60362
Denmark,Diesel,2018,72474
Denmark,Diesel,2017,77492
Denmark,Diesel,2016,80211
Denmark,Diesel,2015,64203
Denmark,Diesel,2014,59544
Denmark,Diesel,2013,57435
Denmark,Electricity,2022,30799
Denmark,Electricity,2021,24876
Denmark,Electricity,2020,14218
Denmark,Electricity,2019,5501
Denmark,Electricity,2018,1544
Denmark,Electricity,2017,691
Denmark,Electricity,2016,1265
Denmark,Electricity,2015,1265
Denmark,Electricity,2014,1564
Denmark,Electricity,2013,533
Denmark,Hybrid,2022,26443
Denmark,Hybrid,2021,40445
Denmark,Hybrid,2020,18235
Denmark,Hybrid,2019,3880
Denmark,Hybrid,2018,3126
Denmark,Hybrid,2017,621
Denmark,Hybrid,2016,572
Denmark,Hybrid,2015,406
Denmark,Hybrid,2014,82
Denmark,Hybrid,2013,0
Denmark,LPG,2022,0
Denmark,LPG,2021,0
Denmark,LPG,2020,0
Denmark,LPG,2019,0
Denmark,LPG,2018,0
Denmark,LPG,2017,0
Denmark,LPG,2016,0
Denmark,LPG,2015,0
Denmark,LPG,2014,0
Denmark,LPG,2013,0
Denmark,Other,2022,26449
Denmark,Other,2021,40520
Denmark,Other,2020,18280
Denmark,Other,2019,3894
Denmark,Other,2018,3139
Denmark,Other,2017,683
Denmark,Other,2016,622
Denmark,Other,2015,456
Denmark,Other,2014,126
Denmark,Other,2013,16
Denmark,Petrol,2022,75445
Denmark,Petrol,2021,95676
Denmark,Petrol,2020,120674
Denmark,Petrol,2019,155863
Denmark,Petrol,2018,141318
Denmark,Petrol,2017,142607
Denmark,Petrol,2016,140371
Denmark,Petrol,2015,137698
Denmark,Petrol,2014,127172
Denmark,Petrol,2013,122644
Estonia,Diesel,2022,3336
Estonia,Diesel,2021,4251
Estonia,Diesel,2020,4863
Estonia,Diesel,2019,6180
Estonia,Diesel,2018,6454
Estonia,Diesel,2017,6408
Estonia,Diesel,2016,6392
Estonia,Diesel,2015,6949
Estonia,Diesel,2014,7723
Estonia,Diesel,2013,7341
Estonia,Electricity,2022,693
Estonia,Electricity,2021,487
Estonia,Electricity,2020,344
Estonia,Electricity,2019,77
Estonia,Electricity,2018,83
Estonia,Electricity,2017,26
Estonia,Electricity,2016,32
Estonia,Electricity,2015,30
Estonia,Electricity,2014,331
Estonia,Electricity,2013,130
Estonia,Hybrid,2022,6824
Estonia,Hybrid,2021,6349
Estonia,Hybrid,2020,2842
Estonia,Hybrid,2019,2816
Estonia,Hybrid,2018,1585
Estonia,Hybrid,2017,1187
Estonia,Hybrid,2016,772
Estonia,Hybrid,2015,351
Estonia,Hybrid,2014,311
Estonia,Hybrid,2013,195
Estonia,LPG,2022,0
Estonia,LPG,2021,0
Estonia,LPG,2020,0
Estonia,LPG,2019,0
Estonia,LPG,2018,0
Estonia,LPG,2017,0
Estonia,LPG,2016,0
Estonia,LPG,2015,0
Estonia,LPG,2014,0
Estonia,LPG,2013,1
Estonia,Other,2022,676
Estonia,Other,2021,706
Estonia,Other,2020,664
Estonia,Other,2019,578
Estonia,Other,2018,3
Estonia,Other,2017,9
Estonia,Other,2016,3
Estonia,Other,2015,16
Estonia,Other,2014,17
Estonia,Other,2013,6
Estonia,Petrol,2022,9029
Estonia,Petrol,2021,10817
Estonia,Petrol,2020,10582
Estonia,Petrol,2019,17928
Estonia,Petrol,2018,18174
Estonia,Petrol,2017,17991
Estonia,Petrol,2016,15821
Estonia,Petrol,2015,13718
Estonia,Petrol,2014,12746
Estonia,Petrol,2013,12017
Finland,Diesel,2022,5420
Finland,Diesel,2021,8397
Finland,Diesel,2020,12778
Finland,Diesel,2019,20873
Finland,Diesel,2018,28712
Finland,Diesel,2017,36062
Finland,Diesel,2016,39452
Finland,Diesel,2015,38800
Finland,Diesel,2014,41278
Finland,Diesel,2013,0
Finland,Electricity,2022,14531
Finland,Electricity,2021,10153
Finland,Electricity,2020,4245
Finland,Electricity,2019,1897
Finland,Electricity,2018,776
Finland,Electricity,2017,502
Finland,Electricity,2016,223
Finland,Electricity,2015,243
Finland,Electricity,2014,183
Finland,Electricity,2013,50
Finland,Hybrid,2022,25709
Finland,Hybrid,2021,28109
Finland,Hybrid,2020,18727
Finland,Hybrid,2019,15572
Finland,Hybrid,2018,11855
Finland,Hybrid,2017,8514
Finland,Hybrid,2016,4679
Finland,Hybrid,2015,2846
Finland,Hybrid,2014,2311
Finland,Hybrid,2013,0
Finland,LPG,2022,0
Finland,LPG,2021,0
Finland,LPG,2020,0
Finland,LPG,2019,0
Finland,LPG,2018,0
Finland,LPG,2017,0
Finland,LPG,2016,0
Finland,LPG,2015,0
Finland,LPG,2014,0
Finland,LPG,2013,0
Finland,Other,2022,16793
Finland,Other,2021,21066
Finland,Other,2020,15072
Finland,Other,2019,8109
Finland,Other,2018,6093
Finland,Other,2017,2987
Finland,Other,2016,1388
Finland,Other,2015,678
Finland,Other,2014,730
Finland,Other,2013,509
Finland,Petrol,2022,19246
Finland,Petrol,2021,30760
Finland,Petrol,2020,45596
Finland,Petrol,2019,67751
Finland,Petrol,2018,73069
Finland,Petrol,2017,70522
Finland,Petrol,2016,73258
Finland,Petrol,2015,66252
Finland,Petrol,2014,61733
Finland,Petrol,2013,0
France,Diesel,2022,241783
France,Diesel,2021,354949
France,Diesel,2020,513168
France,Diesel,2019,761198
France,Diesel,2018,856583
France,Diesel,2017,1013099
France,Diesel,2016,1027912
France,Diesel,2015,1070443
France,Diesel,2014,1119954
France,Diesel,2013,1168194
France,Electricity,2022,207171
France,Electricity,2021,165566
France,Electricity,2020,112499
France,Electricity,2019,43564
France,Electricity,2018,31687
France,Electricity,2017,25368
France,Electricity,2016,21758
France,Electricity,2015,17269
France,Electricity,2014,10567
France,Electricity,2013,8781
France,Hybrid,2022,342237
France,Hybrid,2021,299476
France,Hybrid,2020,173316
France,Hybrid,2019,109385
France,Hybrid,2018,93521
France,Hybrid,2017,71351
France,Hybrid,2016,50823
France,Hybrid,2015,54820
France,Hybrid,2014,41142
France,Hybrid,2013,45888
France,LPG,2022,0
France,LPG,2021,0
France,LPG,2020,0
France,LPG,2019,1
France,LPG,2018,1
France,LPG,2017,0
France,LPG,2016,47
France,LPG,2015,0
France,LPG,2014,0
France,LPG,2013,0
France,Other,2022,174580
France,Other,2021,187765
France,Other,2020,91829
France,Other,2019,21192
France,Other,2018,17095
France,Other,2017,13318
France,Other,2016,9093
France,Other,2015,7589
France,Other,2014,4670
France,Other,2013,4036
France,Petrol,2022,611179
France,Petrol,2021,700919
France,Petrol,2020,802718
France,Petrol,2019,1322937
France,Petrol,2018,1224694
France,Petrol,2017,1034534
France,Petrol,2016,874838
France,Petrol,2015,736108
France,Petrol,2014,589522
France,Petrol,2013,530054
Georgia,Diesel,2022,1760
Georgia,Diesel,2021,1358
Georgia,Diesel,2020,994
Georgia,Diesel,2019,994
Georgia,Diesel,2018,1242
Georgia,Diesel,2017,680
Georgia,Diesel,2016,0
Georgia,Diesel,2015,0
Georgia,Diesel,2014,0
Georgia,Diesel,2013,0
Georgia,Electricity,2022,206
Georgia,Electricity,2021,43
Georgia,Electricity,2020,22
Georgia,Electricity,2019,22
Georgia,Electricity,2018,21
Georgia,Electricity,2017,83
Georgia,Electricity,2016,0
Georgia,Electricity,2015,0
Georgia,Electricity,2014,0
Georgia,Electricity,2013,0
Georgia,Hybrid,2022,836
Georgia,Hybrid,2021,692
Georgia,Hybrid,2020,418
Georgia,Hybrid,2019,418
Georgia,Hybrid,2018,204
Georgia,Hybrid,2017,198
Georgia,Hybrid,2016,0
Georgia,Hybrid,2015,0
Georgia,Hybrid,2014,0
Georgia,Hybrid,2013,0
Georgia,Other,2022,0
Georgia,Other,2021,1
Georgia,Other,2020,1
Georgia,Other,2019,1
Georgia,Other,2018,1
Georgia,Other,2017,0
Georgia,Other,2016,0
Georgia,Other,2015,0
Georgia,Other,2014,0
Georgia,Other,2013,0
Georgia,Petrol,2022,2617
Georgia,Petrol,2021,1457
Georgia,Petrol,2020,961
Georgia,Petrol,2019,961
Georgia,Petrol,2018,1964
Georgia,Petrol,2017,1770
Georgia,Petrol,2016,0
Georgia,Petrol,2015,0
Georgia,Petrol,2014,0
Georgia,Petrol,2013,0
Germany,Diesel,2022,472274
Germany,Diesel,2021,524446
Germany,Diesel,2020,819896
Germany,Diesel,2019,1152733
Germany,Diesel,2018,1111130
Germany,Diesel,2017,1336776
Germany,Diesel,2016,0
Germany,Diesel,2015,0
Germany,Diesel,2014,0
Germany,Diesel,2013,0
Germany,Electricity,2022,470559
Germany,Electricity,2021,355961
Germany,Electricity,2020,194163
Germany,Electricity,2019,63281
Germany,Electricity,2018,36062
Germany,Electricity,2017,25056
Germany,Electricity,2016,11410
Germany,Electricity,2015,12363
Germany,Electricity,2014,8522
Germany,Electricity,2013,6051
Germany,Hybrid,2022,465225
Germany,Hybrid,2021,429132
Germany,Hybrid,2020,327394
Germany,Hybrid,2019,193901
Germany,Hybrid,2018,98815
Germany,Hybrid,2017,55237
Germany,Hybrid,2016,0
Germany,Hybrid,2015,0
Germany,Hybrid,2014,0
Germany,Hybrid,2013,0
Germany,LPG,2022,15006
Germany,LPG,2021,10118
Germany,LPG,2020,6543
Germany,LPG,2019,7256
Germany,LPG,2018,4663
Germany,LPG,2017,4400
Germany,LPG,2016,2990
Germany,LPG,2015,4716
Germany,LPG,2014,6234
Germany,LPG,2013,6257
Germany,Other,2022,364848
Germany,Other,2021,329887
Germany,Other,2020,207959
Germany,Other,2019,53196
Germany,Other,2018,42408
Germany,Other,2017,33305
Germany,Other,2016,51303
Germany,Other,2015,39123
Germany,Other,2014,35726
Germany,Other,2013,34226
Germany,Petrol,2022,863445
Germany,Petrol,2021,972588
Germany,Petrol,2020,1361723
Germany,Petrol,2019,2136891
Germany,Petrol,2018,2142700
Germany,Petrol,2017,1986488
Germany,Petrol,2016,0
Germany,Petrol,2015,0
Germany,Petrol,2014,0
Germany,Petrol,2013,0
Greece,Diesel,2022,47152
Greece,Diesel,2021,49670
Greece,Diesel,2020,0
Greece,Diesel,2019,0
Greece,Diesel,2018,0
Greece,Diesel,2017,0
Greece,Diesel,2016,0
Greece,Diesel,2015,0
Greece,Diesel,2014,0
Greece,Diesel,2013,0
Greece,Electricity,2022,2826
Greece,Electricity,2021,2174
Greece,Electricity,2020,0
Greece,Electricity,2019,188
Greece,Electricity,2018,77
Greece,Electricity,2017,37
Greece,Electricity,2016,20
Greece,Electricity,2015,32
Greece,Electricity,2014,38
Greece,Electricity,2013,2
Greece,Hybrid,2022,34484
Greece,Hybrid,2021,28032
Greece,Hybrid,2020,0
Greece,Hybrid,2019,0
Greece,Hybrid,2018,0
Greece,Hybrid,2017,0
Greece,Hybrid,2016,0
Greece,Hybrid,2015,0
Greece,Hybrid,2014,0
Greece,Hybrid,2013,0
Greece,Other,2022,3710
Greece,Other,2021,3394
Greece,Other,2020,0
Greece,Other,2019,0
Greece,Other,2018,0
Greece,Other,2017,0
Greece,Other,2016,0
Greece,Other,2015,0
Greece,Other,2014,0
Greece,Other,2013,0
Greece,Petrol,2022,17047
Greece,Petrol,2021,17004
Greece,Petrol,2020,0
Greece,Petrol,2019,0
Greece,Petrol,2018,0
Greece,Petrol,2017,0
Greece,Petrol,2016,0
Greece,Petrol,2015,0
Greece,Petrol,2014,0
Greece,Petrol,2013,0
Hungary,Diesel,2022,14322
Hungary,Diesel,2021,19092
Hungary,Diesel,2020,27711
Hungary,Diesel,2019,31221
Hungary,Diesel,2018,32408
Hungary,Diesel,2017,37022
Hungary,Diesel,2016,34688
Hungary,Diesel,2015,32265
Hungary,Diesel,2014,30219
Hungary,Diesel,2013,25769
Hungary,Electricity,2022,4707
Hungary,Electricity,2021,4313
Hungary,Electricity,2020,3047
Hungary,Electricity,2019,1834
Hungary,Electricity,2018,1300
Hungary,Electricity,2017,749
Hungary,Electricity,2016,176
Hungary,Electricity,2015,116
Hungary,Electricity,2014,32
Hungary,Electricity,2013,10
Hungary,Hybrid,2022,47376
Hungary,Hybrid,2021,52387
Hungary,Hybrid,2020,34771
Hungary,Hybrid,2019,10275
Hungary,Hybrid,2018,6410
Hungary,Hybrid,2017,3977
Hungary,Hybrid,2016,1822
Hungary,Hybrid,2015,835
Hungary,Hybrid,2014,518
Hungary,Hybrid,2013,492
Hungary,LPG,2022,0
Hungary,LPG,2021,0
Hungary,LPG,2020,0
Hungary,LPG,2019,0
Hungary,LPG,2018,0
Hungary,LPG,2017,0
Hungary,LPG,2016,0
Hungary,LPG,2015,0
Hungary,LPG,2014,0
Hungary,LPG,2013,1
Hungary,Other,2022,896
Hungary,Other,2021,727
Hungary,Other,2020,366
Hungary,Other,2019,128
Hungary,Other,2018,82
Hungary,Other,2017,59
Hungary,Other,2016,106
Hungary,Other,2015,154
Hungary,Other,2014,144
Hungary,Other,2013,272
Hungary,Petrol,2022,44330
Hungary,Petrol,2021,45561
Hungary,Petrol,2020,62301
Hungary,Petrol,2019,114709
Hungary,Petrol,2018,96555
Hungary,Petrol,2017,74498
Hungary,Petrol,2016,59943
Hungary,Petrol,2015,44044
Hungary,Petrol,2014,37103
Hungary,Petrol,2013,29966
Iceland,Diesel,2022,0
Iceland,Diesel,2021,1923
Iceland,Diesel,2020,0
Iceland,Diesel,2019,4046
Iceland,Diesel,2018,7978
Iceland,Diesel,2017,10957
Iceland,Diesel,2016,0
Iceland,Diesel,2015,0
Iceland,Diesel,2014,0
Iceland,Diesel,2013,0
Iceland,Electricity,2022,0
Iceland,Electricity,2021,4246
Iceland,Electricity,2020,2551
Iceland,Electricity,2019,1090
Iceland,Electricity,2018,784
Iceland,Electricity,2017,845
Iceland,Electricity,2016,0
Iceland,Electricity,2015,0
Iceland,Electricity,2014,0
Iceland,Electricity,2013,0
Iceland,Hybrid,2022,0
Iceland,Hybrid,2021,2463
Iceland,Hybrid,2020,0
Iceland,Hybrid,2019,1102
Iceland,Hybrid,2018,1023
Iceland,Hybrid,2017,1169
Iceland,Hybrid,2016,0
Iceland,Hybrid,2015,0
Iceland,Hybrid,2014,0
Iceland,Hybrid,2013,0
Iceland,Other,2022,0
Iceland,Other,2021,4905
Iceland,Other,2020,2395
Iceland,Other,2019,2018
Iceland,Other,2018,2890
Iceland,Other,2017,2202
Iceland,Other,2016,0
Iceland,Other,2015,0
Iceland,Other,2014,0
Iceland,Other,2013,0
Iceland,Petrol,2022,0
Iceland,Petrol,2021,2250
Iceland,Petrol,2020,2551
Iceland,Petrol,2019,5379
Iceland,Petrol,2018,8411
Iceland,Petrol,2017,10426
Iceland,Petrol,2016,0
Iceland,Petrol,2015,0
Iceland,Petrol,2014,0
Iceland,Petrol,2013,0
Ireland,Diesel,2022,29803
Ireland,Diesel,2021,37772
Ireland,Diesel,2020,41134
Ireland,Diesel,2019,59879
Ireland,Diesel,2018,70732
Ireland,Diesel,2017,87640
Ireland,Diesel,2016,0
Ireland,Diesel,2015,0
Ireland,Diesel,2014,0
Ireland,Diesel,2013,0
Ireland,Electricity,2022,15872
Ireland,Electricity,2021,9199
Ireland,Electricity,2020,4075
Ireland,Electricity,2019,3665
Ireland,Electricity,2018,1252
Ireland,Electricity,2017,631
Ireland,Electricity,2016,402
Ireland,Electricity,2015,494
Ireland,Electricity,2014,194
Ireland,Electricity,2013,49
Ireland,Hybrid,2022,21290
Ireland,Hybrid,2021,19359
Ireland,Hybrid,2020,11073
Ireland,Hybrid,2019,10790
Ireland,Hybrid,2018,6978
Ireland,Hybrid,2017,4483
Ireland,Hybrid,2016,0
Ireland,Hybrid,2015,0
Ireland,Hybrid,2014,0
Ireland,Hybrid,2013,0
Ireland,LPG,2022,140
Ireland,LPG,2021,0
Ireland,LPG,2020,0
Ireland,LPG,2019,0
Ireland,LPG,2018,0
Ireland,LPG,2017,0
Ireland,LPG,2016,0
Ireland,LPG,2015,0
Ireland,LPG,2014,0
Ireland,LPG,2013,0
Ireland,Other,2022,8420
Ireland,Other,2021,8285
Ireland,Other,2020,2516
Ireland,Other,2019,1452
Ireland,Other,2018,747
Ireland,Other,2017,330
Ireland,Other,2016,2944
Ireland,Other,2015,1718
Ireland,Other,2014,958
Ireland,Other,2013,591
Ireland,Petrol,2022,32095
Ireland,Petrol,2021,34000
Ireland,Petrol,2020,33595
Ireland,Petrol,2019,50318
Ireland,Petrol,2018,48840
Ireland,Petrol,2017,40495
Ireland,Petrol,2016,0
Ireland,Petrol,2015,0
Ireland,Petrol,2014,0
Ireland,Petrol,2013,0
Italy,Diesel,2022,258057
Italy,Diesel,2021,343952
Italy,Diesel,2020,485245
Italy,Diesel,2019,779857
Italy,Diesel,2018,1000494
Italy,Diesel,2017,1130434
Italy,Diesel,2016,1058886
Italy,Diesel,2015,887074
Italy,Diesel,2014,757895
Italy,Diesel,2013,707641
Italy,Electricity,2022,49118
Italy,Electricity,2021,69178
Italy,Electricity,2020,30930
Italy,Electricity,2019,10612
Italy,Electricity,2018,0
Italy,Electricity,2017,0
Italy,Electricity,2016,0
Italy,Electricity,2015,0
Italy,Electricity,2014,0
Italy,Electricity,2013,0
Italy,Hybrid,2022,448205
Italy,Hybrid,2021,0
Italy,Hybrid,2020,0
Italy,Hybrid,2019,0
Italy,Hybrid,2018,0
Italy,Hybrid,2017,0
Italy,Hybrid,2016,0
Italy,Hybrid,2015,0
Italy,Hybrid,2014,0
Italy,Hybrid,2013,0
Italy,LPG,2022,118323
Italy,LPG,2021,108090
Italy,LPG,2020,94989
Italy,LPG,2019,137096
Italy,LPG,2018,126778
Italy,LPG,2017,128765
Italy,LPG,2016,101619
Italy,LPG,2015,0
Italy,LPG,2014,124092
Italy,LPG,2013,115838
Italy,Other,2022,77884
Italy,Other,2021,31695
Italy,Other,2020,32455
Italy,Other,2019,38159
Italy,Other,2018,42355
Italy,Other,2017,34555
Italy,Other,2016,1374
Italy,Other,2015,1467
Italy,Other,2014,73490
Italy,Other,2013,68810
Italy,Petrol,2022,365376
Italy,Petrol,2021,481746
Italy,Petrol,2020,585470
Italy,Petrol,2019,889685
Italy,Petrol,2018,774685
Italy,Petrol,2017,700072
Italy,Petrol,2016,643165
Italy,Petrol,2015,521450
Italy,Petrol,2014,420708
Italy,Petrol,2013,419045
Kosovo,Diesel,2022,0
Kosovo,Diesel,2021,24003
Kosovo,Diesel,2020,0
Kosovo,Diesel,2019,22587
Kosovo,Diesel,2018,7686
Kosovo,Diesel,2017,16564
Kosovo,Diesel,2016,0
Kosovo,Diesel,2015,0
Kosovo,Diesel,2014,0
Kosovo,Diesel,2013,0
Kosovo,Electricity,2022,0
Kosovo,Electricity,2021,20
Kosovo,Electricity,2020,0
Kosovo,Electricity,2019,0
Kosovo,Electricity,2018,1
Kosovo,Electricity,2017,2
Kosovo,Electricity,2016,0
Kosovo,Electricity,2015,0
Kosovo,Electricity,2014,0
Kosovo,Electricity,2013,0
Kosovo,Hybrid,2022,0
Kosovo,Hybrid,2021,259
Kosovo,Hybrid,2020,0
Kosovo,Hybrid,2019,0
Kosovo,Hybrid,2018,124
Kosovo,Hybrid,2017,0
Kosovo,Hybrid,2016,0
Kosovo,Hybrid,2015,0
Kosovo,Hybrid,2014,0
Kosovo,Hybrid,2013,0
Kosovo,LPG,2022,0
Kosovo,LPG,2021,0
Kosovo,LPG,2020,0
Kosovo,LPG,2019,0
Kosovo,LPG,2018,0
Kosovo,LPG,2017,0
Kosovo,LPG,2016,0
Kosovo,LPG,2015,0
Kosovo,LPG,2014,0
Kosovo,LPG,2013,0
Kosovo,Other,2022,0
Kosovo,Other,2021,6
Kosovo,Other,2020,0
Kosovo,Other,2019,0
Kosovo,Other,2018,1
Kosovo,Other,2017,2
Kosovo,Other,2016,0
Kosovo,Other,2015,0
Kosovo,Other,2014,0
Kosovo,Other,2013,0
Kosovo,Petrol,2022,0
Kosovo,Petrol,2021,2615
Kosovo,Petrol,2020,0
Kosovo,Petrol,2019,0
Kosovo,Petrol,2018,2030
Kosovo,Petrol,2017,2928
Kosovo,Petrol,2016,0
Kosovo,Petrol,2015,0
Kosovo,Petrol,2014,0
Kosovo,Petrol,2013,0
Latvia,Diesel,2022,2606
Latvia,Diesel,2021,3923
Latvia,Diesel,2020,4870
Latvia,Diesel,2019,6893
Latvia,Diesel,2018,6807
Latvia,Diesel,2017,7445
Latvia,Diesel,2016,7287
Latvia,Diesel,2015,6923
Latvia,Diesel,2014,7029
Latvia,Diesel,2013,0
Latvia,Electricity,2022,1069
Latvia,Electricity,2021,480
Latvia,Electricity,2020,351
Latvia,Electricity,2019,116
Latvia,Electricity,2018,78
Latvia,Electricity,2017,41
Latvia,Electricity,2016,19
Latvia,Electricity,2015,17
Latvia,Electricity,2014,174
Latvia,Electricity,2013,0
Latvia,Hybrid,2022,1140
Latvia,Hybrid,2021,147
Latvia,Hybrid,2020,78
Latvia,Hybrid,2019,14
Latvia,Hybrid,2018,18
Latvia,Hybrid,2017,18
Latvia,Hybrid,2016,18
Latvia,Hybrid,2015,9
Latvia,Hybrid,2014,1
Latvia,Hybrid,2013,0
Latvia,LPG,2022,320
Latvia,LPG,2021,264
Latvia,LPG,2020,106
Latvia,LPG,2019,120
Latvia,LPG,2018,56
Latvia,LPG,2017,78
Latvia,LPG,2016,77
Latvia,LPG,2015,0
Latvia,LPG,2014,0
Latvia,LPG,2013,0
Latvia,Other,2022,24
Latvia,Other,2021,19
Latvia,Other,2020,35
Latvia,Other,2019,15
Latvia,Other,2018,4
Latvia,Other,2017,11
Latvia,Other,2016,4
Latvia,Other,2015,140
Latvia,Other,2014,211
Latvia,Other,2013,0
Latvia,Petrol,2022,11556
Latvia,Petrol,2021,9788
Latvia,Petrol,2020,8285
Latvia,Petrol,2019,11379
Latvia,Petrol,2018,10222
Latvia,Petrol,2017,9471
Latvia,Petrol,2016,9363
Latvia,Petrol,2015,7202
Latvia,Petrol,2014,5758
Latvia,Petrol,2013,0
Liechtenstein,Diesel,2022,200
Liechtenstein,Diesel,2021,251
Liechtenstein,Diesel,2020,371
Liechtenstein,Diesel,2019,621
Liechtenstein,Diesel,2018,634
Liechtenstein,Diesel,2017,846
Liechtenstein,Diesel,2016,984
Liechtenstein,Diesel,2015,934
Liechtenstein,Diesel,2014,796
Liechtenstein,Diesel,2013,857
Liechtenstein,Electricity,2022,317
Liechtenstein,Electricity,2021,292
Liechtenstein,Electricity,2020,164
Liechtenstein,Electricity,2019,97
Liechtenstein,Electricity,2018,48
Liechtenstein,Electricity,2017,57
Liechtenstein,Electricity,2016,46
Liechtenstein,Electricity,2015,30
Liechtenstein,Electricity,2014,18
Liechtenstein,Electricity,2013,14
Liechtenstein,Hybrid,2022,491
Liechtenstein,Hybrid,2021,498
Liechtenstein,Hybrid,2020,314
Liechtenstein,Hybrid,2019,181
Liechtenstein,Hybrid,2018,116
Liechtenstein,Hybrid,2017,87
Liechtenstein,Hybrid,2016,63
Liechtenstein,Hybrid,2015,58
Liechtenstein,Hybrid,2014,39
Liechtenstein,Hybrid,2013,42
Liechtenstein,LPG,2022,0
Liechtenstein,LPG,2021,0
Liechtenstein,LPG,2020,0
Liechtenstein,LPG,2019,0
Liechtenstein,LPG,2018,0
Liechtenstein,LPG,2017,0
Liechtenstein,LPG,2016,1
Liechtenstein,LPG,2015,0
Liechtenstein,LPG,2014,0
Liechtenstein,LPG,2013,0
Liechtenstein,Other,2022,2
Liechtenstein,Other,2021,3
Liechtenstein,Other,2020,2
Liechtenstein,Other,2019,7
Liechtenstein,Other,2018,5
Liechtenstein,Other,2017,2
Liechtenstein,Other,2016,1
Liechtenstein,Other,2015,10
Liechtenstein,Other,2014,3
Liechtenstein,Other,2013,7
Liechtenstein,Petrol,2022,514
Liechtenstein,Petrol,2021,583
Liechtenstein,Petrol,2020,659
Liechtenstein,Petrol,2019,1047
Liechtenstein,Petrol,2018,1046
Liechtenstein,Petrol,2017,1032
Liechtenstein,Petrol,2016,889
Liechtenstein,Petrol,2015,1017
Liechtenstein,Petrol,2014,944
Liechtenstein,Petrol,2013,1000
Lithuania,Diesel,2022,2389
Lithuania,Diesel,2021,3806
Lithuania,Diesel,2020,7037
Lithuania,Diesel,2019,7260
Lithuania,Diesel,2018,7210
Lithuania,Diesel,2017,7865
Lithuania,Diesel,2016,7587
Lithuania,Diesel,2015,7690
Lithuania,Diesel,2014,6879
Lithuania,Diesel,2013,7019
Lithuania,Electricity,2022,1507
Lithuania,Electricity,2021,1277
Lithuania,Electricity,2020,480
Lithuania,Electricity,2019,175
Lithuania,Electricity,2018,141
Lithuania,Electricity,2017,43
Lithuania,Electricity,2016,62
Lithuania,Electricity,2015,26
Lithuania,Electricity,2014,8
Lithuania,Electricity,2013,2
Lithuania,Hybrid,2022,9543
Lithuania,Hybrid,2021,10385
Lithuania,Hybrid,2020,8003
Lithuania,Hybrid,2019,3202
Lithuania,Hybrid,2018,2304
Lithuania,Hybrid,2017,501
Lithuania,Hybrid,2016,246
Lithuania,Hybrid,2015,94
Lithuania,Hybrid,2014,84
Lithuania,Hybrid,2013,45
Lithuania,LPG,2022,1
Lithuania,LPG,2021,0
Lithuania,LPG,2020,1
Lithuania,LPG,2019,1
Lithuania,LPG,2018,1
Lithuania,LPG,2017,0
Lithuania,LPG,2016,0
Lithuania,LPG,2015,0
Lithuania,LPG,2014,14
Lithuania,LPG,2013,0
Lithuania,Other,2022,369
Lithuania,Other,2021,334
Lithuania,Other,2020,433
Lithuania,Other,2019,254
Lithuania,Other,2018,102
Lithuania,Other,2017,13
Lithuania,Other,2016,19
Lithuania,Other,2015,39
Lithuania,Other,2014,38
Lithuania,Other,2013,0
Lithuania,Petrol,2022,10323
Lithuania,Petrol,2021,12407
Lithuania,Petrol,2020,24924
Lithuania,Petrol,2019,14717
Lithuania,Petrol,2018,11920
Lithuania,Petrol,2017,10661
Lithuania,Petrol,2016,8499
Lithuania,Petrol,2015,5908
Lithuania,Petrol,2014,4676
Lithuania,Petrol,2013,5191
Luxembourg,Diesel,2022,9236
Luxembourg,Diesel,2021,11219
Luxembourg,Diesel,2020,16628
Luxembourg,Diesel,2019,0
Luxembourg,Diesel,2018,0
Luxembourg,Diesel,2017,0
Luxembourg,Diesel,2016,0
Luxembourg,Diesel,2015,0
Luxembourg,Diesel,2014,0
Luxembourg,Diesel,2013,0
Luxembourg,Electricity,2022,6391
Luxembourg,Electricity,2021,4662
Luxembourg,Electricity,2020,2473
Luxembourg,Electricity,2019,0
Luxembourg,Electricity,2018,0
Luxembourg,Electricity,2017,0
Luxembourg,Electricity,2016,0
Luxembourg,Electricity,2015,0
Luxembourg,Electricity,2014,0
Luxembourg,Electricity,2013,0
Luxembourg,Hybrid,2022,11882
Luxembourg,Hybrid,2021,7225
Luxembourg,Hybrid,2020,3798
Luxembourg,Hybrid,2019,0
Luxembourg,Hybrid,2018,0
Luxembourg,Hybrid,2017,0
Luxembourg,Hybrid,2016,0
Luxembourg,Hybrid,2015,0
Luxembourg,Hybrid,2014,0
Luxembourg,Hybrid,2013,0
Luxembourg,LPG,2022,0
Luxembourg,LPG,2021,0
Luxembourg,LPG,2020,0
Luxembourg,LPG,2019,0
Luxembourg,LPG,2018,0
Luxembourg,LPG,2017,0
Luxembourg,LPG,2016,0
Luxembourg,LPG,2015,0
Luxembourg,LPG,2014,0
Luxembourg,LPG,2013,0
Luxembourg,Other,2022,26
Luxembourg,Other,2021,4465
Luxembourg,Other,2020,2701
Luxembourg,Other,2019,0
Luxembourg,Other,2018,0
Luxembourg,Other,2017,0
Luxembourg,Other,2016,0
Luxembourg,Other,2015,0
Luxembourg,Other,2014,0
Luxembourg,Other,2013,0
Luxembourg,Petrol,2022,14559
Luxembourg,Petrol,2021,16951
Luxembourg,Petrol,2020,19589
Luxembourg,Petrol,2019,0
Luxembourg,Petrol,2018,0
Luxembourg,Petrol,2017,0
Luxembourg,Petrol,2016,0
Luxembourg,Petrol,2015,0
Luxembourg,Petrol,2014,0
Luxembourg,Petrol,2013,0
Malta,Diesel,2022,406
Malta,Diesel,2021,528
Malta,Diesel,2020,1036
Malta,Diesel,2019,2074
Malta,Diesel,2018,2409
Malta,Diesel,2017,2613
Malta,Diesel,2016,2601
Malta,Diesel,2015,2709
Malta,Diesel,2014,5766
Malta,Diesel,2013,5266
Malta,Electricity,2022,990
Malta,Electricity,2021,416
Malta,Electricity,2020,178
Malta,Electricity,2019,281
Malta,Electricity,2018,285
Malta,Electricity,2017,24
Malta,Electricity,2016,19
Malta,Electricity,2015,23
Malta,Electricity,2014,30
Malta,Electricity,2013,18
Malta,Hybrid,2022,1397
Malta,Hybrid,2021,939
Malta,Hybrid,2020,452
Malta,Hybrid,2019,729
Malta,Hybrid,2018,525
Malta,Hybrid,2017,228
Malta,Hybrid,2016,121
Malta,Hybrid,2015,51
Malta,Hybrid,2014,37
Malta,Hybrid,2013,41
Malta,LPG,2022,0
Malta,LPG,2021,0
Malta,LPG,2020,0
Malta,LPG,2019,0
Malta,LPG,2018,0
Malta,LPG,2017,0
Malta,LPG,2016,0
Malta,LPG,2015,0
Malta,LPG,2014,1
Malta,LPG,2013,0
Malta,Other,2022,1225
Malta,Other,2021,686
Malta,Other,2020,235
Malta,Other,2019,2
Malta,Other,2018,1
Malta,Other,2017,3
Malta,Other,2016,5
Malta,Other,2015,15
Malta,Other,2014,63
Malta,Other,2013,9
Malta,Petrol,2022,2411
Malta,Petrol,2021,2686
Malta,Petrol,2020,2701
Malta,Petrol,2019,4612
Malta,Petrol,2018,4955
Malta,Petrol,2017,4908
Malta,Petrol,2016,4560
Malta,Petrol,2015,4370
Malta,Petrol,2014,9579
Malta,Petrol,2013,7760
Moldova,Diesel,2022,0
Moldova,Diesel,2021,0
Moldova,Diesel,2020,0
Moldova,Diesel,2019,0
Moldova,Diesel,2018,0
Moldova,Diesel,2017,0
Moldova,Diesel,2016,0
Moldova,Diesel,2015,0
Moldova,Diesel,2014,0
Moldova,Diesel,2013,0
Moldova,Electricity,2022,729
Moldova,Electricity,2021,396
Moldova,Electricity,2020,211
Moldova,Electricity,2019,185
Moldova,Electricity,2018,42
Moldova,Electricity,2017,37
Moldova,Electricity,2016,14
Moldova,Electricity,2015,13
Moldova,Electricity,2014,1
Moldova,Electricity,2013,0
Moldova,Hybrid,2022,0
Moldova,Hybrid,2021,0
Moldova,Hybrid,2020,0
Moldova,Hybrid,2019,0
Moldova,Hybrid,2018,0
Moldova,Hybrid,2017,0
Moldova,Hybrid,2016,0
Moldova,Hybrid,2015,0
Moldova,Hybrid,2014,0
Moldova,Hybrid,2013,0
Moldova,LPG,2022,401
Moldova,LPG,2021,524
Moldova,LPG,2020,276
Moldova,LPG,2019,431
Moldova,LPG,2018,467
Moldova,LPG,2017,1440
Moldova,LPG,2016,605
Moldova,LPG,2015,712
Moldova,LPG,2014,1204
Moldova,LPG,2013,1555
Moldova,Other,2022,5390
Moldova,Other,2021,8068
Moldova,Other,2020,5084
Moldova,Other,2019,5683
Moldova,Other,2018,4071
Moldova,Other,2017,3681
Moldova,Other,2016,1911
Moldova,Other,2015,1369
Moldova,Other,2014,1153
Moldova,Other,2013,564
Montenegro,Diesel,2022,0
Montenegro,Diesel,2021,0
Montenegro,Diesel,2020,0
Montenegro,Diesel,2019,1164
Montenegro,Diesel,2018,1599
Montenegro,Diesel,2017,0
Montenegro,Diesel,2016,1288
Montenegro,Diesel,2015,0
Montenegro,Diesel,2014,0
Montenegro,Diesel,2013,0
Montenegro,Electricity,2022,0
Montenegro,Electricity,2021,0
Montenegro,Electricity,2020,0
Montenegro,Electricity,2019,0
Montenegro,Electricity,2018,1
Montenegro,Electricity,2017,4
Montenegro,Electricity,2016,0
Montenegro,Electricity,2015,0
Montenegro,Electricity,2014,0
Montenegro,Electricity,2013,0
Montenegro,Hybrid,2022,0
Montenegro,Hybrid,2021,0
Montenegro,Hybrid,2020,0
Montenegro,Hybrid,2019,28
Montenegro,Hybrid,2018,25
Montenegro,Hybrid,2017,16
Montenegro,Hybrid,2016,0
Montenegro,Hybrid,2015,0
Montenegro,Hybrid,2014,0
Montenegro,Hybrid,2013,0
Montenegro,LPG,2022,0
Montenegro,LPG,2021,0
Montenegro,LPG,2020,0
Montenegro,LPG,2019,6
Montenegro,LPG,2018,0
Montenegro,LPG,2017,0
Montenegro,LPG,2016,12
Montenegro,LPG,2015,0
Montenegro,LPG,2014,0
Montenegro,LPG,2013,0
Montenegro,Other,2022,0
Montenegro,Other,2021,0
Montenegro,Other,2020,0
Montenegro,Other,2019,0
Montenegro,Other,2018,0
Montenegro,Other,2017,0
Montenegro,Other,2016,1
Montenegro,Other,2015,0
Montenegro,Other,2014,0
Montenegro,Other,2013,0
Montenegro,Petrol,2022,0
Montenegro,Petrol,2021,0
Montenegro,Petrol,2020,0
Montenegro,Petrol,2019,1998
Montenegro,Petrol,2018,1600
Montenegro,Petrol,2017,1297
Montenegro,Petrol,2016,999
Montenegro,Petrol,2015,0
Montenegro,Petrol,2014,0
Montenegro,Petrol,2013,0
Netherlands,Electricity,2022,73249
Netherlands,Electricity,2021,63658
Netherlands,Electricity,2020,72858
Netherlands,Electricity,2019,61547
Netherlands,Electricity,2018,23985
Netherlands,Electricity,2017,7958
Netherlands,Electricity,2016,3988
Netherlands,Electricity,2015,3193
Netherlands,Electricity,2014,2912
Netherlands,Electricity,2013,2619
Netherlands,Hybrid,2022,112394
Netherlands,Hybrid,2021,102529
Netherlands,Hybrid,2020,62474
Netherlands,Hybrid,2019,33741
Netherlands,Hybrid,2018,26173
Netherlands,Hybrid,2017,20732
Netherlands,Hybrid,2016,29916
Netherlands,Hybrid,2015,56219
Netherlands,Hybrid,2014,26727
Netherlands,Hybrid,2013,43326
Netherlands,LPG,2022,2285
Netherlands,LPG,2021,2229
Netherlands,LPG,2020,1921
Netherlands,LPG,2019,520
Netherlands,LPG,2018,969
Netherlands,LPG,2017,1200
Netherlands,LPG,2016,860
Netherlands,LPG,2015,362
Netherlands,LPG,2014,998
Netherlands,LPG,2013,2081
Netherlands,Other,2022,106
Netherlands,Other,2021,161
Netherlands,Other,2020,207
Netherlands,Other,2019,451
Netherlands,Other,2018,1005
Netherlands,Other,2017,1274
Netherlands,Other,2016,666
Netherlands,Other,2015,701
Netherlands,Other,2014,3226
Netherlands,Other,2013,548
Norway,Diesel,2022,6968
Norway,Diesel,2021,9576
Norway,Diesel,2020,17331
Norway,Diesel,2019,26871
Norway,Diesel,2018,32340
Norway,Diesel,2017,42015
Norway,Diesel,2016,52313
Norway,Diesel,2015,0
Norway,Diesel,2014,0
Norway,Diesel,2013,0
Norway,Electricity,2022,142504
Norway,Electricity,2021,116399
Norway,Electricity,2020,82212
Norway,Electricity,2019,60271
Norway,Electricity,2018,46091
Norway,Electricity,2017,33023
Norway,Electricity,2016,24222
Norway,Electricity,2015,25779
Norway,Electricity,2014,18091
Norway,Electricity,2013,7885
Norway,Hybrid,2022,12906
Norway,Hybrid,2021,14461
Norway,Hybrid,2020,15058
Norway,Hybrid,2019,18906
Norway,Hybrid,2018,17322
Norway,Hybrid,2017,20833
Norway,Hybrid,2016,17463
Norway,Hybrid,2015,0
Norway,Hybrid,2014,0
Norway,Hybrid,2013,0
Norway,LPG,2022,0
Norway,LPG,2021,0
Norway,LPG,2020,2
Norway,LPG,2019,0
Norway,LPG,2018,0
Norway,LPG,2017,0
Norway,LPG,2016,0
Norway,LPG,2015,0
Norway,LPG,2014,0
Norway,LPG,2013,0
Norway,Other,2022,16203
Norway,Other,2021,38421
Norway,Other,2020,28187
Norway,Other,2019,19340
Norway,Other,2018,26692
Norway,Other,2017,29329
Norway,Other,2016,20791
Norway,Other,2015,8145
Norway,Other,2014,2166
Norway,Other,2013,1480
Norway,Petrol,2022,2284
Norway,Petrol,2021,3760
Norway,Petrol,2020,11753
Norway,Petrol,2019,23294
Norway,Petrol,2018,36392
Norway,Petrol,2017,42492
Norway,Petrol,2016,45894
Norway,Petrol,2015,0
Norway,Petrol,2014,0
Norway,Petrol,2013,0
Poland,Diesel,2022,46500
Poland,Diesel,2021,54500
Poland,Diesel,2020,412491
Poland,Diesel,2019,497529
Poland,Diesel,2018,535305
Poland,Diesel,2017,500112
Poland,Diesel,2016,530548
Poland,Diesel,2015,481006
Poland,Diesel,2014,470967
Poland,Diesel,2013,0
Poland,Electricity,2022,11293
Poland,Electricity,2021,7092
Poland,Electricity,2020,4619
Poland,Electricity,2019,2205
Poland,Electricity,2018,1007
Poland,Electricity,2017,12179
Poland,Electricity,2016,6847
Poland,Electricity,2015,3496
Poland,Electricity,2014,1909
Poland,Electricity,2013,793
Poland,Hybrid,2022,136948
Poland,Hybrid,2021,130354
Poland,Hybrid,2020,5109
Poland,Hybrid,2019,5933
Poland,Hybrid,2018,18761
Poland,Hybrid,2017,0
Poland,Hybrid,2016,0
Poland,Hybrid,2015,0
Poland,Hybrid,2014,0
Poland,Hybrid,2013,0
Poland,LPG,2022,12200
Poland,LPG,2021,13500
Poland,LPG,2020,62875
Poland,LPG,2019,86336
Poland,LPG,2018,108717
Poland,LPG,2017,104376
Poland,LPG,2016,104515
Poland,LPG,2015,89117
Poland,LPG,2014,72048
Poland,LPG,2013,68869
Poland,Other,2022,9725
Poland,Other,2021,9217
Poland,Other,2020,63024
Poland,Other,2019,81501
Poland,Other,2018,5581
Poland,Other,2017,393
Poland,Other,2016,391
Poland,Other,2015,346
Poland,Other,2014,335
Poland,Other,2013,309
Poland,Petrol,2022,204899
Poland,Petrol,2021,236168
Poland,Petrol,2020,631658
Poland,Petrol,2019,780001
Poland,Petrol,2018,760961
Poland,Petrol,2017,719727
Poland,Petrol,2016,718952
Poland,Petrol,2015,571541
Poland,Petrol,2014,502339
Poland,Petrol,2013,0
Portugal,Diesel,2022,27881
Portugal,Diesel,2021,31766
Portugal,Diesel,2020,47564
Portugal,Diesel,2019,89376
Portugal,Diesel,2018,123326
Portugal,Diesel,2017,138712
Portugal,Diesel,2016,0
Portugal,Diesel,2015,0
Portugal,Diesel,2014,0
Portugal,Diesel,2013,0
Portugal,Electricity,2022,18426
Portugal,Electricity,2021,13546
Portugal,Electricity,2020,7908
Portugal,Electricity,2019,6880
Portugal,Electricity,2018,4458
Portugal,Electricity,2017,1912
Portugal,Electricity,2016,0
Portugal,Electricity,2015,0
Portugal,Electricity,2014,0
Portugal,Electricity,2013,0
Portugal,Hybrid,2022,24014
Portugal,Hybrid,2021,19120
Portugal,Hybrid,2020,12038
Portugal,Hybrid,2019,9456
Portugal,Hybrid,2018,7363
Portugal,Hybrid,2017,4711
Portugal,Hybrid,2016,0
Portugal,Hybrid,2015,0
Portugal,Hybrid,2014,0
Portugal,Hybrid,2013,0
Portugal,LPG,2022,5521
Portugal,LPG,2021,3614
Portugal,LPG,2020,1878
Portugal,LPG,2019,2239
Portugal,LPG,2018,1894
Portugal,LPG,2017,1795
Portugal,LPG,2016,0
Portugal,LPG,2015,0
Portugal,LPG,2014,0
Portugal,LPG,2013,0
Portugal,Other,2022,16358
Portugal,Other,2021,15712
Portugal,Other,2020,11966
Portugal,Other,2019,5876
Portugal,Other,2018,4015
Portugal,Other,2017,2550
Portugal,Other,2016,0
Portugal,Other,2015,0
Portugal,Other,2014,0
Portugal,Other,2013,0
Portugal,Petrol,2022,66058
Portugal,Petrol,2021,62883
Portugal,Petrol,2020,63916
Portugal,Petrol,2019,109847
Portugal,Petrol,2018,87083
Portugal,Petrol,2017,74357
Portugal,Petrol,2016,0
Portugal,Petrol,2015,0
Portugal,Petrol,2014,0
Portugal,Petrol,2013,0
Romania,Diesel,2022,16413
Romania,Diesel,2021,20393
Romania,Diesel,2020,33826
Romania,Diesel,2019,43365
Romania,Diesel,2018,53239
Romania,Diesel,2017,53979
Romania,Diesel,2016,48591
Romania,Diesel,2015,44861
Romania,Diesel,2014,39774
Romania,Diesel,2013,31481
Romania,Electricity,2022,11638
Romania,Electricity,2021,6344
Romania,Electricity,2020,2844
Romania,Electricity,2019,1506
Romania,Electricity,2018,472
Romania,Electricity,2017,232
Romania,Electricity,2016,69
Romania,Electricity,2015,28
Romania,Electricity,2014,17
Romania,Electricity,2013,37
Romania,Hybrid,2022,34410
Romania,Hybrid,2021,30708
Romania,Hybrid,2020,14271
Romania,Hybrid,2019,7467
Romania,Hybrid,2018,2977
Romania,Hybrid,2017,2089
Romania,Hybrid,2016,1060
Romania,Hybrid,2015,86
Romania,Hybrid,2014,237
Romania,Hybrid,2013,210
Romania,Other,2022,13565
Romania,Other,2021,15952
Romania,Other,2020,9278
Romania,Other,2019,1416
Romania,Other,2018,1360
Romania,Other,2017,909
Romania,Other,2016,999
Romania,Other,2015,734
Romania,Other,2014,785
Romania,Other,2013,355
Romania,Petrol,2022,53298
Romania,Petrol,2021,47813
Romania,Petrol,2020,66110
Romania,Petrol,2019,107810
Romania,Petrol,2018,71873
Romania,Petrol,2017,49664
Romania,Petrol,2016,44422
Romania,Petrol,2015,408
Romania,Petrol,2014,29362
Romania,Petrol,2013,25617
Serbia,Hybrid,2022,0
Serbia,Hybrid,2021,0
Serbia,Hybrid,2020,0
Serbia,Hybrid,2019,0
Serbia,Hybrid,2018,0
Serbia,Hybrid,2017,0
Serbia,Hybrid,2016,0
Serbia,Hybrid,2015,0
Serbia,Hybrid,2014,0
Serbia,Hybrid,2013,0
Serbia,Other,2022,0
Serbia,Other,2021,0
Serbia,Other,2020,0
Serbia,Other,2019,0
Serbia,Other,2018,0
Serbia,Other,2017,0
Serbia,Other,2016,0
Serbia,Other,2015,0
Serbia,Other,2014,0
Serbia,Other,2013,0
Slovenia,Diesel,2022,7739
Slovenia,Diesel,2021,11743
Slovenia,Diesel,2020,16918
Slovenia,Diesel,2019,21499
Slovenia,Diesel,2018,23877
Slovenia,Diesel,2017,32410
Slovenia,Diesel,2016,32589
Slovenia,Diesel,2015,31031
Slovenia,Diesel,2014,29763
Slovenia,Diesel,2013,0
Slovenia,Electricity,2022,2293
Slovenia,Electricity,2021,1742
Slovenia,Electricity,2020,1720
Slovenia,Electricity,2019,695
Slovenia,Electricity,2018,521
Slovenia,Electricity,2017,297
Slovenia,Electricity,2016,151
Slovenia,Electricity,2015,123
Slovenia,Electricity,2014,13
Slovenia,Electricity,2013,0
Slovenia,Hybrid,2022,0
Slovenia,Hybrid,2021,0
Slovenia,Hybrid,2020,0
Slovenia,Hybrid,2019,0
Slovenia,Hybrid,2018,0
Slovenia,Hybrid,2017,0
Slovenia,Hybrid,2016,0
Slovenia,Hybrid,2015,0
Slovenia,Hybrid,2014,0
Slovenia,Hybrid,2013,0
Slovenia,LPG,2022,689
Slovenia,LPG,2021,557
Slovenia,LPG,2020,137
Slovenia,LPG,2019,90
Slovenia,LPG,2018,148
Slovenia,LPG,2017,335
Slovenia,LPG,2016,290
Slovenia,LPG,2015,199
Slovenia,LPG,2014,232
Slovenia,LPG,2013,0
Slovenia,Other,2022,8969
Slovenia,Other,2021,8141
Slovenia,Other,2020,3063
Slovenia,Other,2019,2489
Slovenia,Other,2018,1732
Slovenia,Other,2017,1206
Slovenia,Other,2016,440
Slovenia,Other,2015,277
Slovenia,Other,2014,162
Slovenia,Other,2013,0
Slovenia,Petrol,2022,25989
Slovenia,Petrol,2021,31245
Slovenia,Petrol,2020,31529
Slovenia,Petrol,2019,47937
Slovenia,Petrol,2018,48240
Slovenia,Petrol,2017,38229
Slovenia,Petrol,2016,31429
Slovenia,Petrol,2015,29038
Slovenia,Petrol,2014,23916
Slovenia,Petrol,2013,23942
Spain,Diesel,2022,170932
Spain,Diesel,2021,224708
Spain,Diesel,2020,305013
Spain,Diesel,2019,440448
Spain,Diesel,2018,572154
Spain,Diesel,2017,690523
Spain,Diesel,2016,725953
Spain,Diesel,2015,658725
Spain,Diesel,2014,590198
Spain,Diesel,2013,0
Spain,Electricity,2022,31737
Spain,Electricity,2021,24400
Spain,Electricity,2020,18217
Spain,Electricity,2019,10415
Spain,Electricity,2018,6238
Spain,Electricity,2017,4038
Spain,Electricity,2016,2085
Spain,Electricity,2015,2620
Spain,Electricity,2014,1004
Spain,Electricity,2013,0
Spain,Hybrid,2022,240539
Spain,Hybrid,2021,220855
Spain,Hybrid,2020,138703
Spain,Hybrid,2019,107548
Spain,Hybrid,2018,74754
Spain,Hybrid,2017,55365
Spain,Hybrid,2016,30465
Spain,Hybrid,2015,7179
Spain,Hybrid,2014,8209
Spain,Hybrid,2013,0
Spain,LPG,2022,271
Spain,LPG,2021,139
Spain,LPG,2020,232
Spain,LPG,2019,717
Spain,LPG,2018,269
Spain,LPG,2017,136
Spain,LPG,2016,133
Spain,LPG,2015,2317
Spain,LPG,2014,1108
Spain,LPG,2013,0
Spain,Other,2022,63705
Spain,Other,2021,58648
Spain,Other,2020,37713
Spain,Other,2019,37320
Spain,Other,2018,29498
Spain,Other,2017,8874
Spain,Other,2016,3456
Spain,Other,2015,250
Spain,Other,2014,746
Spain,Other,2013,0
Spain,Petrol,2022,344341
Spain,Petrol,2021,390081
Spain,Petrol,2020,427645
Spain,Petrol,2019,776373
Spain,Petrol,2018,756357
Spain,Petrol,2017,580296
Spain,Petrol,2016,466320
Spain,Petrol,2015,376691
Spain,Petrol,2014,288860
Spain,Petrol,2013,0
Sweden,Diesel,2022,18379
Sweden,Diesel,2021,27184
Sweden,Diesel,2020,54132
Sweden,Diesel,2019,117760
Sweden,Diesel,2018,137387
Sweden,Diesel,2017,191059
Sweden,Diesel,2016,201040
Sweden,Diesel,2015,206377
Sweden,Diesel,2014,188028
Sweden,Diesel,2013,175422
Sweden,Electricity,2022,95371
Sweden,Electricity,2021,57590
Sweden,Electricity,2020,27981
Sweden,Electricity,2019,15795
Sweden,Electricity,2018,7147
Sweden,Electricity,2017,4359
Sweden,Electricity,2016,2993
Sweden,Electricity,2015,2916
Sweden,Electricity,2014,1266
Sweden,Electricity,2013,452
Sweden,Hybrid,2022,57947
Sweden,Hybrid,2021,70074
Sweden,Hybrid,2020,47742
Sweden,Hybrid,2019,28145
Sweden,Hybrid,2018,21015
Sweden,Hybrid,2017,18397
Sweden,Hybrid,2016,13638
Sweden,Hybrid,2015,8769
Sweden,Hybrid,2014,7059
Sweden,Hybrid,2013,5172
Sweden,LPG,2022,0
Sweden,LPG,2021,0
Sweden,LPG,2020,0
Sweden,LPG,2019,0
Sweden,LPG,2018,0
Sweden,LPG,2017,0
Sweden,LPG,2016,0
Sweden,LPG,2015,0
Sweden,LPG,2014,0
Sweden,LPG,2013,1
Sweden,Other,2022,71120
Sweden,Other,2021,80653
Sweden,Other,2020,69468
Sweden,Other,2019,31068
Sweden,Other,2018,26151
Sweden,Other,2017,21107
Sweden,Other,2016,15008
Sweden,Other,2015,12270
Sweden,Other,2014,11158
Sweden,Other,2013,8266
Sweden,Petrol,2022,46962
Sweden,Petrol,2021,68405
Sweden,Petrol,2020,94448
Sweden,Petrol,2019,169199
Sweden,Petrol,2018,173813
Sweden,Petrol,2017,157794
Sweden,Petrol,2016,155318
Sweden,Petrol,2015,131576
Sweden,Petrol,2014,116519
Sweden,Petrol,2013,102849
Switzerland,Diesel,2022,33849
Switzerland,Diesel,2021,41464
Switzerland,Diesel,2020,58947
Switzerland,Diesel,2019,85267
Switzerland,Diesel,2018,95042
Switzerland,Diesel,2017,118518
Switzerland,Diesel,2016,129819
Switzerland,Diesel,2015,131679
Switzerland,Diesel,2014,116590
Switzerland,Diesel,2013,118801
Switzerland,Electricity,2022,40518
Switzerland,Electricity,2021,32041
Switzerland,Electricity,2020,19753
Switzerland,Electricity,2019,13197
Switzerland,Electricity,2018,5411
Switzerland,Electricity,2017,4929
Switzerland,Electricity,2016,3525
Switzerland,Electricity,2015,3882
Switzerland,Electricity,2014,1948
Switzerland,Electricity,2013,1393
Switzerland,Hybrid,2022,28489
Switzerland,Hybrid,2021,30917
Switzerland,Hybrid,2020,19499
Switzerland,Hybrid,2019,8058
Switzerland,Hybrid,2018,4783
Switzerland,Hybrid,2017,3453
Switzerland,Hybrid,2016,3168
Switzerland,Hybrid,2015,2933
Switzerland,Hybrid,2014,1048
Switzerland,Hybrid,2013,833
Switzerland,LPG,2022,3
Switzerland,LPG,2021,7
Switzerland,LPG,2020,3
Switzerland,LPG,2019,7
Switzerland,LPG,2018,4
Switzerland,LPG,2017,7
Switzerland,LPG,2016,6
Switzerland,LPG,2015,34
Switzerland,LPG,2014,7
Switzerland,LPG,2013,3
Switzerland,Other,2022,47583
Switzerland,Other,2021,45752
Switzerland,Other,2020,28296
Switzerland,Other,2019,19599
Switzerland,Other,2018,11484
Switzerland,Other,2017,9161
Switzerland,Other,2016,8372
Switzerland,Other,2015,6932
Switzerland,Other,2014,6902
Switzerland,Other,2013,7203
Switzerland,Petrol,2022,86309
Switzerland,Petrol,2021,100978
Switzerland,Petrol,2020,119012
Switzerland,Petrol,2019,192467
Switzerland,Petrol,2018,188924
Switzerland,Petrol,2017,183697
Switzerland,Petrol,2016,178730
Switzerland,Petrol,2015,185525
Switzerland,Petrol,2014,180908
Switzerland,Petrol,2013,185120
Turkiye,Diesel,2022,101808
Turkiye,Diesel,2021,144640
Turkiye,Diesel,2020,246016
Turkiye,Diesel,2019,211027
Turkiye,Diesel,2018,320349
Turkiye,Diesel,2017,457060
Turkiye,Diesel,2016,460781
Turkiye,Diesel,2015,462119
Turkiye,Diesel,2014,364241
Turkiye,Diesel,2013,383904
Turkiye,Electricity,2022,8312
Turkiye,Electricity,2021,3575
Turkiye,Electricity,2020,1617
Turkiye,Electricity,2019,228
Turkiye,Electricity,2018,206
Turkiye,Electricity,2017,117
Turkiye,Electricity,2016,77
Turkiye,Electricity,2015,154
Turkiye,Electricity,2014,63
Turkiye,Electricity,2013,180
Turkiye,Hybrid,2022,48079
Turkiye,Hybrid,2021,53208
Turkiye,Hybrid,2020,19957
Turkiye,Hybrid,2019,13044
Turkiye,Hybrid,2018,3719
Turkiye,Hybrid,2017,394
Turkiye,Hybrid,2016,186
Turkiye,Hybrid,2015,200
Turkiye,Hybrid,2014,28
Turkiye,Hybrid,2013,27
Turkiye,LPG,2022,11168
Turkiye,LPG,2021,31640
Turkiye,LPG,2020,33256
Turkiye,LPG,2019,22545
Turkiye,LPG,2018,26443
Turkiye,LPG,2017,25391
Turkiye,LPG,2016,13715
Turkiye,LPG,2015,13288
Turkiye,LPG,2014,11339
Turkiye,LPG,2013,14312
Turkiye,Other,2022,1
Turkiye,Other,2021,1
Turkiye,Other,2020,3
Turkiye,Other,2019,6
Turkiye,Other,2018,3
Turkiye,Other,2017,0
Turkiye,Other,2016,0
Turkiye,Other,2015,0
Turkiye,Other,2014,2
Turkiye,Other,2013,3
Turkiye,Petrol,2022,396912
Turkiye,Petrol,2021,380973
Turkiye,Petrol,2020,300676
Turkiye,Petrol,2019,139898
Turkiye,Petrol,2018,175515
Turkiye,Petrol,2017,258940
Turkiye,Petrol,2016,271315
Turkiye,Petrol,2015,270634
Turkiye,Petrol,2014,210141
Turkiye,Petrol,2013,256479
United Kingdom,Diesel,2022,0
United Kingdom,Diesel,2021,188492
United Kingdom,Diesel,2020,0
United Kingdom,Diesel,2019,0
United Kingdom,Diesel,2018,735720
United Kingdom,Diesel,2017,1047685
United Kingdom,Diesel,2016,1262512
United Kingdom,Diesel,2015,1253393
United Kingdom,Diesel,2014,0
United Kingdom,Diesel,2013,0
United Kingdom,Electricity,2022,0
United Kingdom,Electricity,2021,188143
United Kingdom,Electricity,2020,0
United Kingdom,Electricity,2019,0
United Kingdom,Electricity,2018,15579
United Kingdom,Electricity,2017,13727
United Kingdom,Electricity,2016,10544
United Kingdom,Electricity,2015,10063
United Kingdom,Electricity,2014,0
United Kingdom,Electricity,2013,0
United Kingdom,Hybrid,2022,0
United Kingdom,Hybrid,2021,257308
United Kingdom,Hybrid,2020,0
United Kingdom,Hybrid,2019,0
United Kingdom,Hybrid,2018,86430
United Kingdom,Hybrid,2017,70906
United Kingdom,Hybrid,2016,78765
United Kingdom,Hybrid,2015,62475
United Kingdom,Hybrid,2014,0
United Kingdom,Hybrid,2013,0
United Kingdom,Other,2022,0
United Kingdom,Other,2021,115049
United Kingdom,Other,2020,0
United Kingdom,Other,2019,0
United Kingdom,Other,2018,44012
United Kingdom,Other,2017,34895
United Kingdom,Other,2016,71
United Kingdom,Other,2015,56
United Kingdom,Other,2014,0
United Kingdom,Other,2013,0
United Kingdom,Petrol,2022,0
United Kingdom,Petrol,2021,891232
United Kingdom,Petrol,2020,0
United Kingdom,Petrol,2019,0
United Kingdom,Petrol,2018,1459764
United Kingdom,Petrol,2017,1342152
United Kingdom,Petrol,2016,1313385
United Kingdom,Petrol,2015,1276159
United Kingdom,Petrol,2014,0
United Kingdom,Petrol,2013,0
